{
    "accuracy": 0.7902345004818503,
    "precision": 0.7801696020874103,
    "recall": 0.791005291005291,
    "auc": 0.8701278797312527
}